﻿<?xml version="1.0" encoding="utf-8"?>
<Project name="JSDF">
    <Package name="Missions">
        <Container name="SupplyBoxSpawn">
            <Key ID="str_jsdf_baseSupplyBoxAction">
                <Original>Supply Box Spawn</Original>
                <English>Supply Box Spawn</English>
            </Key>
            <Key ID="str_jsdf_spawnAmmoSupply">
                <Original>Spawn Ammo Supply Box</Original>
                <English>Spawn Ammo Supply Box</English>
            </Key>
            <Key ID="str_jsdf_spawnMedicalSupply">
                <Original>Spawn Medical Supply Box</Original>
                <English>Spawn Medical Supply Box</English>
            </Key>
            <Key ID="str_jsdf_spawnVehicleSupply">
                <Original>Spawn Vehicle Supply Box</Original>
                <English>Spawn Vehicle Supply Box</English>
            </Key>
            <Key ID="str_jsdf_ammoSupplySpawned">
                <Original>Ammo Supply Box Spawned!</Original>
                <English>Ammo Supply Box Spawned!</English>
            </Key>
            <Key ID="str_jsdf_medicalSupplySpawned">
                <Original>Medical Supply Box Spawned!</Original>
                <English>Medical Supply Box Spawned!</English>
            </Key>
            <Key ID="str_jsdf_vehicleSupplySpawned">
                <Original>Vehicle Supply Box Spawned!</Original>
                <English>Vehicle Supply Box Spawned!</English>
            </Key>
        </Container>
        <Container name="Arsenal">
            <Key ID="str_jsdf_openArsenal">
                <Original>Arsenal</Original>
                <English>Arsenal</English>
            </Key>
        </Container>
        <Container name="infoBriefing">
            <Key ID="str_jsdf_versionTitle">
                <Original>Version</Original>
                <English>Version</English>
            </Key>
            <Key ID="str_jsdf_versionText">
                <Original>This mission is on version: %1.%2.%3 &lt;br /&gt;To see our changelogs go to our github:&lt;br /&gt;https://github.com/JoramD0/JSDF_Mission_Files/releases</Original>
                <English>This mission is on version: %1.%2.%3 &lt;br /&gt;To see our changelogs go to our github:&lt;br /&gt;https://github.com/JoramD0/JSDF_Mission_Files/releases</English>
            </Key>
            <Key ID="str_jsdf_supplyTitle">
                <Original>Supply Box Spawn</Original>
                <English>Supply Box Spawn</English>
            </Key>
            <Key ID="str_jsdf_supplyText">
                <Original>Use the ACE interaction menu to spawn an ammo supply box, vehicle supply box or a medical supply box. It will then spawn on the vehicle service pad.&lt;br /&gt;In order to move/drag crates, use the ACE interaction menu on the container, then select Interactions and then Drag.&lt;br /&gt;The vehicle supply box will spawn with four spare wheels in its cargo, one toolkit to repair a broken vehicle and if the vehicle is low on ammo it will also have an option to rearm it.</Original>
                <English>Use the ACE interaction menu to spawn an ammo supply box, vehicle supply box or a medical supply box. It will then spawn on the vehicle service pad.&lt;br /&gt;In order to move/drag crates, use the ACE interaction menu on the container, then select Interactions and then Drag.&lt;br /&gt;The vehicle supply box will spawn with four spare wheels in its cargo, one toolkit to repair a broken vehicle and if the vehicle is low on ammo it will also have an option to rearm it.</English>
            </Key>
            <Key ID="str_jsdf_serviceTitle">
                <Original>Vehicle Service Pad</Original>
                <English>Vehicle Service Pad</English>
            </Key>
            <Key ID="str_jsdf_serviceText">
                <Original>Make sure the vehicle service pad is clear of any objects or personnel. Then position your vehicle on the service pad.&lt;br /&gt;&lt;br /&gt;To refuel go to the right most container and use the ACE interactions menu, select refuel and then take fuel nozzle, walk over to the vehicle and press left mouse button to attach the nozzle to the vehicle. To start refueling use the ACE interactions menu and select start refueling, once the refueling is done you will get a pop up saying “Refueling complete”. Walk up to the nozzle and with the ACE interactions menu disconnect the nozzle and walk back with it and return it to the container.&lt;br /&gt;&lt;br /&gt;To rearm the vehicle walk over to the middle container and with the ACE interactions menu select rearm and then the vehicle that you wish to rearm. Note that the vehicle needs to be pretty close to the container for this to work.&lt;br /&gt;&lt;br /&gt;In order to repair the vehicle walk over to the left most container and open up its inventory in it you will find 10 toolkits and 10 backpacks, equip a backpack then put a toolkit into the backpack, once you have the toolkit walk over to the vehicle and while using the ACE interaction menu select interactions and then full repair.</Original>
                <English>Make sure the vehicle service pad is clear of any objects or personnel. Then position your vehicle on the service pad.&lt;br /&gt;&lt;br /&gt;To refuel go to the right most container and use the ACE interactions menu, select refuel and then take fuel nozzle, walk over to the vehicle and press left mouse button to attach the nozzle to the vehicle. To start refueling use the ACE interactions menu and select start refueling, once the refueling is done you will get a pop up saying “Refueling complete”. Walk up to the nozzle and with the ACE interactions menu disconnect the nozzle and walk back with it and return it to the container.&lt;br /&gt;&lt;br /&gt;To rearm the vehicle walk over to the middle container and with the ACE interactions menu select rearm and then the vehicle that you wish to rearm. Note that the vehicle needs to be pretty close to the container for this to work.&lt;br /&gt;&lt;br /&gt;In order to repair the vehicle walk over to the left most container and open up its inventory in it you will find 10 toolkits and 10 backpacks, equip a backpack then put a toolkit into the backpack, once you have the toolkit walk over to the vehicle and while using the ACE interaction menu select interactions and then full repair.</English>
            </Key>
            <Key ID="str_jsdf_arsenalTitle">
                <Original>Arsenal</Original>
                <English>Arsenal</English>
            </Key>
            <Key ID="str_jsdf_arsenalText">
                <Original>Access the arsenal box via the ACE interactions menu. Please note that there is an instruction sign above the Arsenal box.&lt;br /&gt;Face wear customization is allowed according to your personal preference.&lt;br /&gt;Aside from the default scope you may use the M68 CCO as well as the EOTech 552 (base version).</Original>
                <English>Access the arsenal box via the ACE interactions menu. Please note that there is an instruction sign above the Arsenal box.&lt;br /&gt;Face wear customization is allowed according to your personal preference.&lt;br /&gt;Aside from the default scope you may use the M68 CCO as well as the EOTech 552 (base version).</English>
            </Key>
        </Container>
    </Package>
</Project>
